<?xml version="1.0"?>
<?xml-stylesheet type="text/xsl" href="aocr.xsl"?>
<asprise-ocr input="/home/kumar/kumar/imagine/52913630_1475827655982.pdf" time-start="2016-10-10 11:57:35 +0530" version-format="15" runtime="Asprise OCR 15.3 - Evaluation" xmlns:xsi="http://www.w3.org/2001/XMLSchema-instance" xsi:noNamespaceSchemaLocation="http://asprise.com/ocr/files/schema/15/aocr.xsd">
  <page no="0" width="2379" height="3312" words="200" confidence="77" time-taken="12.570">
    <block id="19" type="text" subtype="line" x="279" y="9" width="303" height="30" words="1" confidence="66" font-name="Georgia" font-size="42" font-bold="0" font-italic="0" font-serif="1" baseline="39" xheight="20" ascent="10" descent="-10">CHEDWCAHD</block>
    <block id="1a" type="text" subtype="line" x="630" y="24" width="1386" height="48" words="5" confidence="59" font-name="Georgia" font-size="52" font-bold="0" font-italic="0" font-serif="1" baseline="70" xheight="25" ascent="12" descent="-12">DUPLICATE STATEMENT CREDIT CARD STATE-limimi</block>
    <block id="1b" type="text" subtype="line" x="48" y="84" width="483" height="57" words="3" confidence="81" font-name="Georgia" font-size="68" font-bold="0" font-italic="0" font-serif="1" baseline="141" xheight="42" ascent="15" descent="-8">if - -</block>
    <block id="1c" type="text" subtype="line" x="48" y="144" width="1965" height="48" words="4" confidence="74" font-name="Georgia" font-size="48" font-bold="0" font-italic="0" font-serif="1" baseline="191" xheight="24" ascent="18" descent="-5">We understand your world</block>
    <block id="1d" type="text" subtype="line" x="60" y="204" width="1947" height="54" words="7" confidence="60" font-name="Verdana" font-size="68" font-bold="0" font-italic="0" font-serif="0" baseline="256" xheight="39" ascent="15" descent="-12"><![CDATA[***1.1*****- 1 Sisterrragtesirs ******;.**211** ._ 'I]]></block>
    <block id="1e" type="text" subtype="line" x="51" y="261" width="1632" height="54" words="4" confidence="47" font-name="Georgia" font-size="59" font-bold="0" font-italic="0" font-serif="1" baseline="312" xheight="31" ascent="20" descent="-6">KW SHUBHF‘M 1*,3*3,31* *3,3**,313</block>
    <block id="1f" type="text" subtype="line" x="66" y="318" width="534" height="30" words="4" confidence="72" font-name="Verdana" font-size="58" font-bold="0" font-italic="0" font-serif="0" baseline="348" xheight="31" ascent="18" descent="-6">43*3 11*1: mm: 1*32</block>
    <block id="20" type="text" subtype="line" x="51" y="384" width="1845" height="45" words="9" confidence="52" font-name="Verdana" font-size="51" font-bold="0" font-italic="0" font-serif="0" baseline="429" xheight="27" ascent="16" descent="-5">*.! #*41*121? ‘1*? (1*.1*1*3*. ““ 3**11*1*1.E*§311_Lifi*</block>
    <block id="21" type="text" subtype="line" x="75" y="456" width="1635" height="42" words="3" confidence="77" font-name="Verdana" font-size="58" font-bold="0" font-italic="0" font-serif="0" baseline="489" xheight="31" ascent="18" descent="-6">3*,*** 3,33* 3,33*</block>
    <block id="22" type="text" subtype="line" x="21" y="540" width="1995" height="123" words="1" confidence="62" font-name="Georgia" font-size="170" font-bold="0" font-italic="0" font-serif="1" baseline="663" xheight="82" ascent="41" descent="-41">M</block>
    <block id="23" type="text" subtype="line" x="681" y="1707" width="627" height="39" words="3" confidence="71" font-name="Georgia" font-size="40" font-bold="0" font-italic="0" font-serif="1" baseline="1737" xheight="21" ascent="9" descent="-9">Reward Points Summary</block>
    <block id="24" type="text" subtype="line" x="180" y="1755" width="1557" height="36" words="6" confidence="73" font-name="Georgia" font-size="34" font-bold="0" font-italic="0" font-serif="1" baseline="1784" xheight="19" ascent="8" descent="-6">flpening Balance Earned Adjusted Closing Balance</block>
    <block id="25" type="text" subtype="line" x="363" y="1797" width="1242" height="33" words="4" confidence="83" font-name="Verdana" font-size="42" font-bold="0" font-italic="0" font-serif="0" baseline="1828" xheight="20" ascent="10" descent="-10">3524 123 * 364?</block>
    <block id="26" type="text" subtype="line" x="51" y="1998" width="1956" height="45" words="11" confidence="79" font-name="Georgia" font-size="44" font-bold="0" font-italic="0" font-serif="1" baseline="2032" xheight="21" ascent="13" descent="-9">Opening Balanee Payment:f Credits Purchase and Debits Finance Charges Total Dues</block>
    <block id="27" type="text" subtype="line" x="111" y="2055" width="1932" height="36" words="5" confidence="98" font-name="Verdana" font-size="40" font-bold="0" font-italic="0" font-serif="0" baseline="2085" xheight="18" ascent="11" descent="-9">2,***.6* 2,*11.6* *,*2*.6* *.** *,*1*.6*</block>
    <block id="28" type="text" subtype="line" x="555" y="2139" width="327" height="42" words="4" confidence="77" font-name="Georgia" font-size="43" font-bold="0" font-italic="0" font-serif="1" baseline="2172" xheight="21" ascent="12" descent="-9">Past Dues, if an};</block>
    <block id="29" type="text" subtype="line" x="33" y="2187" width="2004" height="45" words="12" confidence="83" font-name="Georgia" font-size="44" font-bold="0" font-italic="0" font-serif="1" baseline="2221" xheight="21" ascent="12" descent="-10">Overlimit 3 Months+ 2 Months 1 Month Current Dues Minimum Amount Due</block>
    <block id="2a" type="text" subtype="line" x="87" y="2235" width="1839" height="39" words="6" confidence="83" font-name="Verdana" font-size="40" font-bold="0" font-italic="0" font-serif="0" baseline="2266" xheight="18" ascent="11" descent="-9">*.** *.** *.** *.** *,1*3.1? *,1*3.1?</block>
    <block id="2b" type="text" subtype="line" x="30" y="2277" width="1998" height="87" words="1" confidence="68" font-name="Georgia" font-size="121" font-bold="0" font-italic="0" font-serif="1" baseline="2364" xheight="58" ascent="29" descent="-29">M</block>
    <block id="2c" type="text" subtype="line" x="45" y="2382" width="1908" height="30" words="20" confidence="80" font-name="Georgia" font-size="31" font-bold="0" font-italic="0" font-serif="1" baseline="2406" xheight="18" ascent="6" descent="-6"><![CDATA["Huts: All Contents dfthe Statement l.I'Iu'ill be deemed to be correct and accepted hyynu, unless you inform us [If any]]></block>
    <block id="2d" type="text" subtype="line" x="45" y="2424" width="1029" height="30" words="9" confidence="82" font-name="Georgia" font-size="31" font-bold="0" font-italic="0" font-serif="1" baseline="2448" xheight="18" ascent="6" descent="-6"><![CDATA[discrenancies Within El] days from the date dfthis statement."]]></block>
    <block id="2e" type="text" subtype="line" x="45" y="2460" width="1488" height="27" words="15" confidence="82" font-name="Times_New_Roman_Bold" font-size="30" font-bold="1" font-italic="0" font-serif="1" baseline="2484" xheight="18" ascent="6" descent="-5">* The available credit limit shown herein takes into account charges incurred but not hilled</block>
    <block id="2f" type="text" subtype="line" x="33" y="2511" width="2016" height="24" words="4" confidence="91" font-name="Arial_Italic" font-size="31" font-bold="0" font-italic="1" font-serif="0" baseline="2535" xheight="18" ascent="6" descent="-6">---------------------------------------------------------------- Please Tear Here---------------------------------------------------------------------------------</block>
    <block id="30" type="text" subtype="line" x="72" y="2574" width="1839" height="42" words="10" confidence="84" font-name="Georgia" font-size="43" font-bold="0" font-italic="0" font-serif="1" baseline="2607" xheight="21" ascent="12" descent="-9">Statement Date Payment Due Date Minimum Amount Due Card Number</block>
    <block id="31" type="text" subtype="line" x="81" y="2628" width="1965" height="42" words="7" confidence="65" font-name="Verdana" font-size="42" font-bold="0" font-italic="0" font-serif="0" baseline="2662" xheight="20" ascent="10" descent="-10">14,3**,316 *3f***’16 3,1*3.1? 4**3 T’T’XX XXXX 1*32</block>
    <block id="32" type="text" subtype="line" x="66" y="2679" width="342" height="33" words="3" confidence="84" font-name="Georgia" font-size="39" font-bold="0" font-italic="0" font-serif="1" baseline="2712" xheight="21" ascent="12" descent="-5">Name and address</block>
    <block id="33" type="text" subtype="line" x="39" y="2724" width="378" height="27" words="2" confidence="65" font-name="Courier_New" font-size="32" font-bold="0" font-italic="0" font-serif="1" baseline="2751" xheight="17" ascent="9" descent="-4">KUMAR SHUBHAM</block>
    <block id="34" type="text" subtype="line" x="51" y="2772" width="882" height="27" words="4" confidence="78" font-name="Georgia" font-size="38" font-bold="0" font-italic="0" font-serif="1" baseline="2799" xheight="18" ascent="9" descent="-9">YCIDLEE INFCITECH PRIVATE LIMITE</block>
    <block id="35" type="text" subtype="line" x="51" y="2817" width="768" height="30" words="5" confidence="79" font-name="Courier_New" font-size="38" font-bold="0" font-italic="0" font-serif="1" baseline="2847" xheight="18" ascent="9" descent="-9">MERCURY 2B EILCICK lST FLCICR</block>
    <block id="36" type="text" subtype="line" x="57" y="2868" width="879" height="27" words="3" confidence="75" font-name="Courier_New" font-size="38" font-bold="0" font-italic="0" font-serif="1" baseline="2895" xheight="18" ascent="9" descent="-9">PRESTIGETECHNCLCGY PK SAR‘JAPUR</block>
    <block id="37" type="text" subtype="line" x="54" y="2916" width="258" height="27" words="1" confidence="68" font-name="Courier_New" font-size="38" font-bold="0" font-italic="0" font-serif="1" baseline="2943" xheight="18" ascent="9" descent="-9">BPNGALCRE</block>
    <block id="38" type="text" subtype="line" x="57" y="3129" width="1806" height="30" words="16" confidence="83" font-name="Georgia" font-size="31" font-bold="0" font-italic="0" font-serif="1" baseline="3153" xheight="18" ascent="6" descent="-6"><![CDATA['Please note that the contents dfthe ahnue duplicate statement are bound hythe terms and conditions dfthe]]></block>
    <block id="39" type="text" subtype="line" x="72" y="3171" width="1968" height="30" words="8" confidence="84" font-name="Georgia" font-size="31" font-bold="0" font-italic="0" font-serif="1" baseline="3195" xheight="18" ascent="6" descent="-6"><![CDATA[cardmemher agreement" Page : l a f l]]></block>
 <table id="2" x="255" y="69" width="87" height="57" rows="3" cols="2" cells="2" words="4" confidence="57">
  <cell id="1" x="255" y="69" width="39" height="57" row="0" col="0" rowspan="3" colspan="1" largestContentArea="1248">
    <block id="3a" type="text" subtype="line" x="259" y="76" width="34" height="48" words="1" confidence="43" font-name="Verdana" font-size="51" font-bold="0" font-italic="0" font-serif="0" baseline="78" xheight="25" ascent="12" descent="-12">j.</block>
  </cell>
  <cell id="9" x="294" y="74" width="48" height="46" row="1" col="1" rowspan="1" colspan="1" largestContentArea="588">
    <block id="3b" type="text" subtype="line" x="298" y="76" width="43" height="11" words="2" confidence="59" font-name="Trebuchet_MS" font-size="45" font-bold="0" font-italic="0" font-serif="0" baseline="84" xheight="21" ascent="10" descent="-10">, 1</block>
    <block id="3c" type="text" subtype="line" x="298" y="87" width="43" height="32" words="1" confidence="68" font-name="Trebuchet_MS" font-size="45" font-bold="0" font-italic="0" font-serif="0" baseline="119" xheight="21" ascent="10" descent="-10">J:</block>
  </cell>
 </table>
 <table id="4" x="360" y="70" width="42" height="50" rows="1" cols="2" cells="2" words="0" confidence="0">
  <cell id="3" x="360" y="70" width="4" height="50" row="0" col="0" rowspan="1" colspan="1">
  </cell>
  <cell id="5" x="364" y="70" width="38" height="50" row="0" col="1" rowspan="1" colspan="1" largestContentArea="135">
  </cell>
 </table>
 <table id="7" x="156" y="71" width="99" height="49" rows="1" cols="2" cells="2" words="5" confidence="65">
  <cell id="6" x="156" y="71" width="51" height="49" row="0" col="0" rowspan="1" colspan="1" largestContentArea="255">
    <block id="3d" type="text" subtype="line" x="177" y="76" width="29" height="20" words="2" confidence="76" font-name="Arial_Bold" font-size="38" font-bold="1" font-italic="0" font-serif="0" baseline="96" xheight="20" ascent="10" descent="-6">I ;</block>
    <block id="3e" type="text" subtype="line" x="177" y="99" width="15" height="20" words="1" confidence="74" font-name="Georgia" font-size="38" font-bold="0" font-italic="0" font-serif="1" baseline="119" xheight="20" ascent="10" descent="-6">it</block>
  </cell>
  <cell id="8" x="207" y="71" width="48" height="49" row="0" col="1" rowspan="1" colspan="1" largestContentArea="340">
    <block id="3f" type="text" subtype="line" x="219" y="76" width="35" height="11" words="1" confidence="38" font-name="DejaVu_Sans_Ultra-Light" font-size="21" font-bold="0" font-italic="0" font-serif="0" baseline="87" xheight="10" ascent="5" descent="-5">fl</block>
    <block id="40" type="text" subtype="line" x="218" y="87" width="36" height="32" words="1" confidence="62" font-name="Verdana" font-size="44" font-bold="0" font-italic="0" font-serif="0" baseline="119" xheight="21" ascent="10" descent="-10">.3.</block>
  </cell>
 </table>
 <table id="b" x="21" y="540" width="1992" height="120" rows="1" cols="1" cells="1" words="18" confidence="67">
  <cell id="a" x="21" y="540" width="1992" height="120" row="0" col="0" rowspan="1" colspan="1">
    <block id="41" type="text" subtype="line" x="45" y="591" width="1788" height="24" words="18" confidence="67" font-name="Verdana" font-size="30" font-bold="0" font-italic="0" font-serif="0" baseline="612" xheight="14" ascent="7" descent="-7"><![CDATA[EFFECTI‘LPE 111112*16. KRISHI KALYJ'JN BESS IE *5% WILL BE LE‘im J'iDDITIEINALLY [IN ALL FEESJNTEREST AND EITHER CHARGES.]]></block>
  </cell>
 </table>
 <table id="d" x="21" y="750" width="1995" height="921" rows="1" cols="1" cells="1" words="113" confidence="83">
  <cell id="c" x="21" y="750" width="1995" height="921" row="0" col="0" rowspan="1" colspan="1">
    <block id="42" type="text" subtype="line" x="114" y="756" width="1713" height="42" words="6" confidence="79" font-name="Georgia" font-size="43" font-bold="0" font-italic="0" font-serif="1" baseline="789" xheight="21" ascent="12" descent="-9">Date DETEJIS Merehant Cit‘ar Amo unt</block>
    <block id="43" type="text" subtype="line" x="69" y="813" width="291" height="24" words="2" confidence="69" font-name="Courier_New" font-size="33" font-bold="0" font-italic="0" font-serif="1" baseline="837" xheight="18" ascent="6" descent="-6">KUNlR SHUBHRH</block>
    <block id="44" type="text" subtype="line" x="72" y="888" width="1806" height="30" words="6" confidence="83" font-name="Verdana" font-size="31" font-bold="0" font-italic="0" font-serif="0" baseline="912" xheight="18" ascent="6" descent="-6">152*6216 Nethanking Funds Trans fer 2,***.6**:</block>
    <block id="45" type="text" subtype="line" x="72" y="924" width="1752" height="27" words="6" confidence="82" font-name="Verdana" font-size="33" font-bold="0" font-italic="0" font-serif="0" baseline="948" xheight="18" ascent="6" descent="-6">212*6216 *** *LACABS **N GURGAON 322.52</block>
    <block id="46" type="text" subtype="line" x="72" y="960" width="1752" height="30" words="5" confidence="77" font-name="Verdana" font-size="33" font-bold="0" font-italic="0" font-serif="0" baseline="984" xheight="18" ascent="6" descent="-6">232*6216 ANAZONS SVES BANGALORE 1,53*.**</block>
    <block id="47" type="text" subtype="line" x="72" y="996" width="1752" height="27" words="6" confidence="81" font-name="Verdana" font-size="33" font-bold="0" font-italic="0" font-serif="0" baseline="1020" xheight="18" ascent="6" descent="-6">252*6216 *** *LACABS **N GURGAON 2**.**</block>
    <block id="48" type="text" subtype="line" x="72" y="1032" width="1752" height="27" words="7" confidence="82" font-name="Verdana" font-size="33" font-bold="0" font-italic="0" font-serif="0" baseline="1056" xheight="18" ascent="6" descent="-6">222*6216 ANAZON INTERNET SERVIE ENEN DELHI 2.**</block>
    <block id="49" type="text" subtype="line" x="72" y="1068" width="1806" height="27" words="7" confidence="78" font-name="Verdana" font-size="33" font-bold="0" font-italic="0" font-serif="0" baseline="1092" xheight="18" ascent="6" descent="-6">222*6216 ANAZON INTERNET SERVIE ENEN DELHI 2.***:</block>
    <block id="4a" type="text" subtype="line" x="72" y="1104" width="1752" height="27" words="7" confidence="84" font-name="Verdana" font-size="33" font-bold="0" font-italic="0" font-serif="0" baseline="1128" xheight="18" ascent="6" descent="-6">232*6216 PAYTN NOBILE SOLOT INR NNN.PAYT 23.**</block>
    <block id="4b" type="text" subtype="line" x="72" y="1140" width="1752" height="27" words="6" confidence="81" font-name="Verdana" font-size="33" font-bold="0" font-italic="0" font-serif="0" baseline="1164" xheight="18" ascent="6" descent="-6">3*2*6216 *** *LACABS **N GURGAON 2**.**</block>
    <block id="4c" type="text" subtype="line" x="72" y="1176" width="1752" height="27" words="6" confidence="81" font-name="Verdana" font-size="33" font-bold="0" font-italic="0" font-serif="0" baseline="1200" xheight="18" ascent="6" descent="-6">*52*2216 *** *LACABS **N GURGAON 2**.**</block>
    <block id="4d" type="text" subtype="line" x="72" y="1212" width="1752" height="30" words="6" confidence="82" font-name="Verdana" font-size="31" font-bold="0" font-italic="0" font-serif="0" baseline="1236" xheight="18" ascent="6" descent="-6">112*2216 ****LE *Smule Ine g.eo2pay 55.**</block>
    <block id="4e" type="text" subtype="line" x="72" y="1248" width="1752" height="27" words="5" confidence="80" font-name="Verdana" font-size="33" font-bold="0" font-italic="0" font-serif="0" baseline="1272" xheight="18" ascent="6" descent="-6">122*2216 RAZORPAY PAYNENTS JAIPUR 15*.**</block>
    <block id="4f" type="text" subtype="line" x="72" y="1284" width="1752" height="27" words="4" confidence="89" font-name="Verdana" font-size="33" font-bold="0" font-italic="0" font-serif="0" baseline="1308" xheight="18" ascent="6" descent="-6">142*2216 KK EESS 2.*5</block>
    <block id="50" type="text" subtype="line" x="72" y="1320" width="1755" height="30" words="6" confidence="85" font-name="Verdana" font-size="33" font-bold="0" font-italic="0" font-serif="0" baseline="1344" xheight="18" ascent="6" descent="-6">142*2216 N-FLIPKART INTERNET PR ,P:*2,****2 1,*62.44</block>
    <block id="51" type="text" subtype="line" x="72" y="1356" width="1752" height="30" words="6" confidence="84" font-name="Verdana" font-size="33" font-bold="0" font-italic="0" font-serif="0" baseline="1380" xheight="18" ascent="6" descent="-6">142*2216 N-ANAZON SELLER SERVIE ,P:*1,****2 4,541.21</block>
    <block id="52" type="text" subtype="line" x="72" y="1392" width="1752" height="30" words="7" confidence="88" font-name="Verdana" font-size="33" font-bold="0" font-italic="0" font-serif="0" baseline="1416" xheight="18" ascent="6" descent="-6">142*2216 HER ENI ,INT NBR:*2,* **********2 1*3.**</block>
    <block id="53" type="text" subtype="line" x="72" y="1428" width="1752" height="30" words="7" confidence="91" font-name="Verdana" font-size="33" font-bold="0" font-italic="0" font-serif="0" baseline="1452" xheight="18" ascent="6" descent="-6">142*2216 HER ENI ,INT NBR:*1,* **********2 3*3.32</block>
    <block id="54" type="text" subtype="line" x="72" y="1464" width="1752" height="27" words="4" confidence="82" font-name="Verdana" font-size="33" font-bold="0" font-italic="0" font-serif="0" baseline="1488" xheight="18" ascent="6" descent="-6">142*2216 SERVICE TAX 52.2*</block>
    <block id="55" type="text" subtype="line" x="72" y="1500" width="1752" height="27" words="4" confidence="84" font-name="Verdana" font-size="33" font-bold="0" font-italic="0" font-serif="0" baseline="1524" xheight="18" ascent="6" descent="-6">142*2216 EESS TAX 2.*5</block>
  </cell>
 </table>
 <table id="f" x="30" y="2277" width="1995" height="84" rows="1" cols="1" cells="1" words="0" confidence="0">
  <cell id="e" x="30" y="2277" width="1995" height="84" row="0" col="0" rowspan="1" colspan="1">
  </cell>
 </table>
 <table id="11" x="1575" y="3009" width="477" height="108" rows="1" cols="1" cells="1" words="3" confidence="78">
  <cell id="10" x="1575" y="3009" width="477" height="108" row="0" col="0" rowspan="1" colspan="1">
    <block id="56" type="text" subtype="line" x="1668" y="3021" width="312" height="42" words="3" confidence="78" font-name="Georgia" font-size="43" font-bold="0" font-italic="0" font-serif="1" baseline="3054" xheight="21" ascent="12" descent="-9">Che*ue Amo unt</block>
  </cell>
 </table>
 <table id="13" x="954" y="3012" width="537" height="105" rows="1" cols="1" cells="1" words="3" confidence="84">
  <cell id="12" x="954" y="3012" width="537" height="105" row="0" col="0" rowspan="1" colspan="1">
    <block id="57" type="text" subtype="line" x="1047" y="3024" width="333" height="33" words="3" confidence="84" font-name="Georgia" font-size="39" font-bold="0" font-italic="0" font-serif="1" baseline="3057" xheight="21" ascent="12" descent="-5">Bank and Braneh</block>
  </cell>
 </table>
 <table id="15" x="603" y="3015" width="255" height="102" rows="1" cols="1" cells="1" words="1" confidence="97">
  <cell id="14" x="603" y="3015" width="255" height="102" row="0" col="0" rowspan="1" colspan="1">
    <block id="58" type="text" subtype="line" x="699" y="3024" width="87" height="33" words="1" confidence="97" font-name="Georgia" font-size="39" font-bold="0" font-italic="0" font-serif="1" baseline="3057" xheight="21" ascent="12" descent="-5">Date</block>
  </cell>
 </table>
 <table id="17" x="24" y="3018" width="498" height="99" rows="1" cols="1" cells="1" words="4" confidence="86">
  <cell id="16" x="24" y="3018" width="498" height="99" row="0" col="0" rowspan="1" colspan="1">
    <block id="59" type="text" subtype="line" x="135" y="3027" width="309" height="42" words="4" confidence="86" font-name="Georgia" font-size="43" font-bold="0" font-italic="0" font-serif="1" baseline="3060" xheight="21" ascent="12" descent="-9">Che*ue Numb er</block>
  </cell>
 </table>
  </page>
</asprise-ocr>